{
  "Logistic Regression": {
    "accuracy": 0.6909333333333333,
    "precision": 0.7917658257972394,
    "recall_safe": 0.6974842767295597,
    "recall_unsafe": 0.6794871794871795,
    "f1": 0.741640659830584,
    "roc_auc": 0.7639634928314174,
    "train_time_sec": 0.02
  },
  "SVM (RBF)": {
    "accuracy": 0.7956,
    "precision": 0.8905646718146718,
    "recall_safe": 0.7736897274633123,
    "recall_unsafe": 0.8338827838827839,
    "f1": 0.8280233340812205,
    "roc_auc": 0.8607352212776741,
    "train_time_sec": 1340.93
  },
  "Random Forest": {
    "accuracy": 0.7874666666666666,
    "precision": 0.8911330049261084,
    "recall_safe": 0.7584905660377359,
    "recall_unsafe": 0.8380952380952381,
    "f1": 0.8194790486976218,
    "roc_auc": 0.8591738083719216,
    "train_time_sec": 7.57
  },
  "XGBoost": {
    "accuracy": 0.8414666666666667,
    "precision": 0.8525994486018117,
    "recall_safe": 0.9076519916142558,
    "recall_unsafe": 0.7258241758241758,
    "f1": 0.8792648253452477,
    "roc_auc": 0.8818204149100376,
    "train_time_sec": 0.85
  },
  "LightGBM": {
    "accuracy": 0.8205333333333333,
    "precision": 0.8923905569562228,
    "recall_safe": 0.8162473794549266,
    "recall_unsafe": 0.828021978021978,
    "f1": 0.8526223584802365,
    "roc_auc": 0.8799072538223481,
    "train_time_sec": 1.28
  },
  "MLP (64-32)": {
    "accuracy": 0.8766,
    "precision": 0.8776893604479812,
    "recall_safe": 0.9364779874213837,
    "recall_unsafe": 0.771978021978022,
    "f1": 0.9061311425528678,
    "roc_auc": 0.894079507145545,
    "train_time_sec": 3.79
  },
  "MLP (128-64-32)": {
    "accuracy": 0.8710666666666667,
    "precision": 0.8538332713062895,
    "recall_safe": 0.9619496855345911,
    "recall_unsafe": 0.7122710622710623,
    "f1": 0.904672712933754,
    "roc_auc": 0.8919416031208485,
    "train_time_sec": 8.4
  }
}